id,email,created_at
1,denise38@example.net,"2022-08-31 12:06:05"
2,moreno.christiane@example.org,"2022-08-31 12:06:05"
3,ygay@example.net,"2022-08-31 12:06:05"
4,virginie46@example.org,"2022-08-31 12:06:05"
5,bertrand.gay@example.org,"2022-08-31 12:06:05"
6,jean.vaillant@example.org,"2022-08-31 12:06:05"
7,tmichel@example.net,"2022-08-31 12:06:05"
8,blin.gilbert@example.com,"2022-08-31 12:06:05"
9,jean.bourdon@example.org,"2022-08-31 12:06:05"
10,didier.laure@example.com,"2022-08-31 12:06:05"
11,chevalier.david@example.org,"2022-08-31 12:06:05"
12,dias.jerome@example.com,"2022-08-31 12:06:05"
13,aguyot@example.net,"2022-08-31 12:06:05"
14,deschamps.jeannine@example.com,"2022-08-31 12:06:05"
15,augustin.deoliveira@example.org,"2022-08-31 12:06:05"
16,pturpin@example.net,"2022-08-31 12:06:05"
17,louis.faure@example.org,"2022-08-31 12:06:05"
18,ycollet@example.org,"2022-08-31 12:06:05"
19,charles.michaud@example.org,"2022-08-31 12:06:05"
20,sgregoire@example.org,"2022-08-31 12:06:05"
21,paul01@example.com,"2022-08-31 12:06:05"
